index,premise,hypothesis,label,readable_label,negated_part
2,Uma embalagem de presente decorada com um personagem de desenho animado,Não há nenhum personagem de desenho animado na embalagem do presente.,0,contradiction,hypothesis
4,Uma garota pequena no vestido vermelho está correndo na areia,Nenhuma criança está correndo na areia.,0,contradiction,hypothesis
13,Indivíduos vestindo roupas de frio estão sendo fornecidos com máscaras pela equipe do governo local,As pessoas não estão recebendo máscaras da equipe do governo local,0,contradiction,hypothesis
14,Um homem está degustando um prato de frutos do mar,O homem não está comendo frutos do mar.,0,contradiction,hypothesis
16,Uma reunião está ocorrendo virtualmente com a participação de várias pessoas apresentadas em formato de mosaico,Nenhuma pessoa está participando de uma reunião virtual no formato de mosaico,0,contradiction,hypothesis
20,Um manequim posa para fotos usando uma videira no cenário,O manequim não está sendo fotografado com uma videira ao fundo,0,contradiction,hypothesis
21,A menina está lendo um livro de histórias em sua cama antes de dormir,A menina não está em sua cama,0,contradiction,hypothesis
27,Um gato preto está empurrando uma bola de vôlei com o focinho na areia da praia,O gato preto não está brincando com uma bola de vôlei na areia da praia.,0,contradiction,hypothesis
31,Uma mulher está cozinhando um escorpião,Não existe um escorpião sendo preparado para a refeição.,0,contradiction,hypothesis
37,Um profissional da saúde está informando a população,A população não está sendo informada por um profissional da saúde,0,contradiction,hypothesis
38,O CD contém as partituras das obras mais famosas,O CD não tem as músicas mais famosas em forma de partitura.,0,contradiction,hypothesis
43,Pessoas estão participando da inauguração de uma exposição,Não há pessoas presentes na abertura de uma exposição,0,contradiction,hypothesis
49,Canecas de chope estão sendo brindadas,Não há um brinde acontecendo com canecas de chope,0,contradiction,hypothesis
52,Um flyer anuncia o lançamento de vendas online de uma marca de roupas,Uma marca de roupas não está iniciando suas vendas online.,0,contradiction,hypothesis
53,"Três braceletes de argolas nas cores dourada, prata e rosê estão no braço da mulher",A mulher não está usando três braceletes de argolas de diferentes cores.,0,contradiction,hypothesis
57,Quatro mãos estão segurando diferentes tipos de picolé,Não estão segurando diferentes tipos de sorvetes em palitos.,0,contradiction,hypothesis
60,Uma guitarra está sendo dedilhada por um músico,Um músico não está tocando guitarra,0,contradiction,hypothesis
61,Uma criança está pintando usando a boca durante uma oficina,Uma criança não está participando de uma oficina.,0,contradiction,hypothesis
62,A água está sendo derramada na chaleira pelo homem,O homem não está enchendo a chaleira com água,0,contradiction,hypothesis
65,Uma ave com olhos e bico vermelhos possui penas de cor azul vibrante,Não existe um pássaro cujas penas são azuis.,0,contradiction,hypothesis
66,"Uma sala de aula contém carteiras estudantis vazias, cadeiras vermelhas e carteiras brancas durante o dia",Não há cadeiras vermelhas na sala de aula.,0,contradiction,hypothesis
69,"Vários idosos estão acomodados nos bancos do parque, contemplando o pôr do sol",Nenhum idoso está assistindo o pôr do sol no parque,0,contradiction,hypothesis
70,Quatro potes de geléia de tomate estão dispostos na mesa da cozinha,Não há geléia de tomate na mesa da cozinha,0,contradiction,hypothesis
74,O maestro da orquestra municipal está no palco com as mãos para cima e a batuta empunhada,O maestro não está pronto para reger a orquestra municipal.,0,contradiction,hypothesis
78,A mulher apaixonada é uma pintora de sonhos,A mulher apaixonada não está ligada às artes.,0,contradiction,hypothesis
79,O homem está lendo o rótulo da loção hidratante,O homem não está analisando as informações do rótulo de um hidratante,0,contradiction,hypothesis
80,Um campo de futebol à beira-mar está deserto,Há alguém jogando futebol na praia,0,contradiction,hypothesis
86,Uma borboleta sem vida jaz ao lado de uma mulher morena repousando em uma pedra,Não há uma borboleta morta.,0,contradiction,hypothesis
87,O menino e a menina estão correndo ao longo do riacho,Nenhuma criança está correndo perto de um corpo de água.,0,contradiction,hypothesis
89,O quadro tem o desenho da cabeça de um touro branco em perfil,O desenho no quadro não representa um touro branco.,0,contradiction,hypothesis
94,Brinquedos de tecido estão alinhados no chão de madeira pintada de branco,Não existem brinquedos no chão pintado de branco.,0,contradiction,hypothesis
95,Três panos de prato com estampas natalinas estão dobrados,Não existem panos de prato com estampas natalinas dobrados,0,contradiction,hypothesis
101,Um personagem do filme fez muito sucesso,O personagem do filme não foi bem recebido pelo público,0,contradiction,hypothesis
112,Uma gaivota está voando sobre as ondas do oceano,A gaivota não está voando acima da água do mar,0,contradiction,hypothesis
114,Não existe pessoa alguma girando o dial de um rádio antigo,O rádio antigo está sendo usado por alguém.,0,contradiction,hypothesis
119,Várias pessoas estão navegando em um caiaque,Nenhum grupo de indivíduos está praticando caiaque.,0,contradiction,hypothesis
122,"Duas mulheres estão apresentando um monólogo, que é extremamente divertido, com uma dançarina de balé no meio de uma plateia entusiasmada",Não está acontecendo uma apresentação de monólogo por duas mulheres ou não é engraçada.,0,contradiction,hypothesis
124,Leitos estão organizados separadamente por divisórias,Não há divisórias entre os leitos,0,contradiction,hypothesis
125,A atleta  ganhou a medalha de bronze nos Jogos Paralímpicos,A atleta não conquistou uma medalha nos Jogos Paralímpicos,0,contradiction,hypothesis
134,A garotinha está usando um vestido azul e está sorrindo,Uma criança vestida de azul não está feliz,0,contradiction,hypothesis
136,O palácio do governo está aberto a visitações,As pessoas não podem visitar o palácio do governo.,0,contradiction,hypothesis
142,Uma mulher está rasgando um casaco com uma tesoura,A pessoa não está cortando um casaco com uma tesoura,0,contradiction,hypothesis
143,Uma costureira está modelando um tecido laranja em uma mesa de costura,A costureira não está trabalhando com um tecido de cor laranja.,0,contradiction,hypothesis
145,Ao lado da casa há uma pequena lavoura de feijão,Não existe uma lavoura de feijão ao lado da casa,0,contradiction,hypothesis
152,A fragrância com embalagem transparente e tampa dourada está posicionada sobre uma textura e folhas douradas,A fragrância não está em cima de uma textura e folhas douradas.,0,contradiction,hypothesis
153,A pessoa tem o cabelo preso em um rabo de cavalo com alguns cachos soltos ao redor da testa,Ninguém tem cachos soltos ao redor da testa,0,contradiction,hypothesis
157,Um gato está deliciosamente se esbaldando com o sol na varanda,O gato não está aproveitando o sol na varanda,0,contradiction,hypothesis
158,O indulto para condenado por corrupção poderá ser proibido,Não existe a possibilidade de proibição do indulto para condenados por corrupção.,0,contradiction,hypothesis
162,A afirmação defende que é possível realizar um treinamento intenso mesmo estando em casa,O treinamento intenso não pode ser feito em casa,0,contradiction,hypothesis
163,Duas mulheres com patins estão à beira de um lago congelado,Não existem pessoas prontas para andar de patins em um lago congelado,0,contradiction,hypothesis
169,"Duas mulheres, um homem e duas pequenas meninas estão reunidos ao ar livre de uma larga praça, diante de uma multidão de espectadores","Nenhum grupo de cinco pessoas, incluindo duas crianças, está reunido em uma praça grande com muitos espectadores ao redor.",0,contradiction,hypothesis
175,Não tem nenhuma mulher gritando,O ambiente não está livre de gritos de mulheres,0,contradiction,hypothesis
177,Dois gatos estão se divertindo no jardim cheio de flores,Os gatos não estão brincando ao ar livre,0,contradiction,hypothesis
178,Caixas de vacinas estão sendo descarregadas,Vacinas não estão sendo retiradas de seu meio de transporte,0,contradiction,hypothesis
181,O cachorro está correndo atrás do gato no jardim,O gato não está sendo perseguido por um cachorro.,0,contradiction,hypothesis
191,Uma mão está segurando uma casquinha de sorvete de dois sabores,Uma casquinha de sorvete de dois sabores não está sendo segurada por uma mão,0,contradiction,hypothesis
196,Um garotinho está usando uma camiseta azul e está correndo em um parque infantil,Não há menino correndo em um playground vestindo uma camiseta azul,0,contradiction,hypothesis
197,Um homem está assando peixe,Peixe não está sendo preparado na churrasqueira por um homem,0,contradiction,hypothesis
201,Uma pessoa está engajada em estudos,Ninguém está aprendendo algo.,0,contradiction,hypothesis
207,Um lagarto está posicionado sobre um afloramento rochoso cercado por galhos secos,Não existe um lagarto em um local rochoso com galhos secos ao redor,0,contradiction,hypothesis
208,Uma rua é composta por várias casas coloridas vistas de frente,As casas vistas de frente não são coloridas,0,contradiction,hypothesis
209,"Depois de um dia de pesca, o pescador visualiza a praia com coqueiros para onde volta",O pescador não está retornando para a praia após a pesca.,0,contradiction,hypothesis
210,Duas garrafas do vinho tinto estão dispostas sobre uma mesa de madeira,Não há vinho tinto em cima de uma mesa,0,contradiction,hypothesis
214,Uma mulher está caminhando sob a neve,A mulher não está se movendo ao ar livre.,0,contradiction,hypothesis
216,Uma mulher está derramando um jarro de calda de chocolate em um bolo esfarelado,O bolo não está sendo coberto com calda de chocolate.,0,contradiction,hypothesis
217,Duas crianças estão se divertindo juntas no parquinho,Não há crianças brincando no parquinho.,0,contradiction,hypothesis
219,Não há ninguém lavando o carro,O carro está sendo lavado,0,contradiction,hypothesis
220,"Um mini hambúrguer artesanal de carne bovina é servido espetado por um palito gourmet, acompanhado de tomate cereja e alface americana",O mini hambúrguer artesanal não é acompanhado de vegetais,0,contradiction,hypothesis
221,Um bolo comemorativo está sendo feito na confeitaria,Um bolo não está sendo preparado na confeitaria para uma celebração,0,contradiction,hypothesis
222,Os pés de uma modelo estão calçados com um sapato de verniz,A modelo não está usando sapatos de verniz.,0,contradiction,hypothesis
223,Um pequeno garoto oriental está sentado além do grupo e está se divertindo com um pião,Nenhum menino asiático está brincando com um pião longe do grupo,0,contradiction,hypothesis
224,Vários educadores se reúnem para iniciar um projeto,Nenhum grupo de educadores está começando um projeto,0,contradiction,hypothesis
227,Depois do almoço foi servido uma sobremesa de sorvete de creme,Sorvete de creme não foi servido.,0,contradiction,hypothesis
229,"Uma mulher negra, com uma expressão séria, está encostada em um objeto vermelho",Nenhuma pessoa com uma expressão séria está encostada em um objeto vermelho,0,contradiction,hypothesis
230,Eu e minha mãe tiramos uma selfie enquanto ela segurava um buquê de flores amarelas,Minha mãe e eu não temos uma foto juntas com um buquê de flores amarelas.,0,contradiction,hypothesis
232,Duas mulheres são personagens centrais desta obra de arte,A obra de arte não é focada em duas mulheres,0,contradiction,hypothesis
242,Uma mulher está se expressando com um piano,Uma mulher não está tocando piano,0,contradiction,hypothesis
243,Não há nenhum cachorro pulando a cerca com uma bola,A cerca está sendo pulada por um cachorro com uma bola,0,contradiction,hypothesis
250,Um senhor de 50 anos está sorrindo com alegria,O homem de meia-idade não está expressando felicidade através de seu sorriso.,0,contradiction,hypothesis
251,Uma criança está alimentando um pato amarelo com migalhas de pão na beira do lago,O pato amarelo não está sendo alimentado com migalhas de pão por uma criança.,0,contradiction,hypothesis
253,Não há nenhuma mulher descascando algumas batatas agilmente com um descascador,Alguma mulher está usando um descascador para descascar batatas de maneira ágil,0,contradiction,hypothesis
260,A mulher não está pintando uma tela de tecido,A tela de tecido está sendo pintada por uma mulher,0,contradiction,hypothesis
261,Uma menina jovem está dançando e tocando o piano,Nenhuma menina jovem está tocando o piano,0,contradiction,hypothesis
262,"Um homem, que está de pé, está declamando um poema e tocando flauta",Não existe um homem tocando flauta e recitando versos,0,contradiction,hypothesis
266,"Uma família está reunida em casa, sentada no sofá",Pessoas não estão juntas sentadas no sofá de uma casa.,0,contradiction,hypothesis
268,Panquecas estão servidas em um prato branco com detalhes de bolinhas verdes,Panquecas não estão em um prato com detalhes verdes,0,contradiction,hypothesis
271,Uma mulher está apresentando uma palestra em um palco,Nenhuma palestra está sendo apresentada por uma mulher no palco,0,contradiction,hypothesis
274,Um prato do restaurante contém filé de salmão acompanhado de batatas,O restaurante não está servindo filé de salmão com batatas,0,contradiction,hypothesis
275,Dois amigos estão relaxando à sombra de uma árvore em uma tarde ensolarada,Não há dois amigos sob uma árvore.,0,contradiction,hypothesis
276,"Uma árvore de grande porte tem um risco iminente de queda, colocando a população em perigo",A população não está em perigo devido ao risco de queda de uma árvore de grande porte.,0,contradiction,hypothesis
278,Uma raposa vermelha está correndo em direção a um coelho branco na floresta coberta de neve,A raposa vermelha não está perseguindo nenhuma presa na floresta nevada.,0,contradiction,hypothesis
280,Uma equipe de chefs está exibindo seus pratos gourmet e posando para a fotografia,A equipe de chefs não preparou pratos gourmet para a fotografia.,0,contradiction,hypothesis
281,Não há nenhuma mulher cozinhando macarrão,O macarrão está sendo preparado por uma mulher.,0,contradiction,hypothesis
282,Alguém está derramando suco de laranja na mulher,A mulher não está sendo molhada com suco de laranja.,0,contradiction,hypothesis
284,Não há nenhum gato que é siamês e branco no jardim carregando um novelo de lã nas suas patas,Existe um gato siamês e branco carregando um novelo de lã no jardim,0,contradiction,hypothesis
286,Um homem de patins não está no céu próximo a uma montanha,O homem de patins está no céu próximo a uma montanha,0,contradiction,hypothesis
291,Não há nenhuma mulher loira com chapéu de palha em pé ao lado de um carrinho de sorvete,Existe uma loira de chapéu perto de um carrinho de sorvete,0,contradiction,hypothesis
294,A pessoa é encorajada a explorar seu potencial e iniciar uma semana intensa de treinamento,A pessoa não está começando uma semana de treinamento intensivo,0,contradiction,hypothesis
295,A energia elétrica não deve ser interrompida durante a pandemia,"Durante a pandemia, a energia elétrica pode ser interrompida.",0,contradiction,hypothesis
296,O gato está comendo ração de um prato,O gato não está se alimentando.,0,contradiction,hypothesis
297,Duas crianças estão sorrindo enquanto brincam no tapete da sala,As crianças não estão brincando no tapete da sala.,0,contradiction,hypothesis
298,Algumas crias de cachorro estão com sede,Não há filhotes de cachorro buscando água,0,contradiction,hypothesis
299,Três gatinhos estão se divertindo em um jardim florido,Gatinhos não estão brincando entre flores,0,contradiction,hypothesis
302,Uma criança está correndo atrás de uma bola em um campo de futebol,Uma criança não está perseguindo uma bola no campo de futebol,0,contradiction,hypothesis
303,Um gato com pelagem branca e laço azul está deitado no sofá,Não existe um gato branco no sofá.,0,contradiction,hypothesis
307,Um estudo afirma que jogar videogame exige mais engajamento intelectual e criatividade do que a leitura de um livro,Jogar videogame não requer alto engajamento intelectual e criatividade.,0,contradiction,hypothesis
311,O cachorro está saltando sobre uma poça de água,O cachorro não está pulando um obstáculo que é uma poça de água,0,contradiction,hypothesis
313,Ninguém está agitando uma garrafa de molho de soja com uma colher,Uma garrafa de molho de soja está sendo agitada com uma colher,0,contradiction,hypothesis
314,Um menino de três anos responde que tem chocolate no coração quando questionado sobre o que há nele,O menino de três anos não acredita ter chocolate no coração,0,contradiction,hypothesis
317,Os pisos emborrachados vermelhos e cinzas cobrem uma área de lazer repleta de brinquedos infantis coloridos,A área de lazer não tem um chão de borracha vermelho e cinza,0,contradiction,hypothesis
318,Um indivíduo está vestindo um suéter vermelho e caminhando descalço no campo de futebol,Não existe uma pessoa caminhando descalça no campo de futebol ou ela não está usando um suéter vermelho.,0,contradiction,hypothesis
319,Os jovens não estão vestindo moletons cinzas e não estão correndo,Os jovens estão vestidos com moletons cinzas,0,contradiction,hypothesis
320,Uma mão é vista descartando uma garrafa de plástico em uma lixeira,A garrafa de plástico não está sendo jogada em uma lixeira por uma mão,0,contradiction,hypothesis
323,Dois homens jovens estão competindo em uma partida de boxe,Dois jovens não estão em uma competição de boxe,0,contradiction,hypothesis
325,"Utensílios de cozinha, incluindo tábuas, porta copos e taças, estão sobre a mesa","Tábuas, porta copos e taças não estão sobre a mesa.",0,contradiction,hypothesis
329,O texto apresenta um conteúdo alternativo relacionado à física,O texto não contém informações sobre um tema diferente da física convencional,0,contradiction,hypothesis
333,"Uma corrente e um pingente, ambos banhados a ouro, possuem pedras de zircônia incrustadas",A corrente e o pingente não possuem pedras de zircônia ou não são feitos de ouro,0,contradiction,hypothesis
340,"O homem está tocando uma gaita, que é diatônica, e assobiando",O homem não está fazendo música com uma gaita diatônica,0,contradiction,hypothesis
342,Ciclistas e ônibus estão navegando através do trânsito frenético na metrópole,Ciclistas e ônibus não estão enfrentando o trânsito agitado na grande cidade.,0,contradiction,hypothesis
344,O mês mundial de combate ao câncer de próstata está sendo divulgado,A conscientização sobre o câncer de próstata não está sendo promovida,0,contradiction,hypothesis
346,Um prato branco redondo tem sorvete de canela servido sobre uma tarte de maçã envolta por caramelo,O prato branco redondo não contém uma sobremesa de sorvete de canela e tarte de maçã,0,contradiction,hypothesis
347,Uma mulher está parada na beira de um penhasco,Nenhuma pessoa está na borda de um penhasco.,0,contradiction,hypothesis
348,Os foliões estão dançando na festa junina,Não há pessoas dançando na festa,0,contradiction,hypothesis
352,Profissionais estão usando máscaras e roupas de proteção,"Os trabalhadores não estão usando equipamentos de proteção, incluindo máscaras",0,contradiction,hypothesis
355,"Homens estão vestindo chapéus de palha e crachás de festival, olhando intrigados para algo no horizonte","Um grupo de homens, usando crachás de festival e chapéus de palha, não está observando nada curioso à distância.",0,contradiction,hypothesis
356,Um gato branco está saltando entre os galhos de uma floresta sombria,Nenhum gato está saltando entre os galhos de uma floresta.,0,contradiction,hypothesis
357,Um gato preto está pulando por um muro de pedras,O gato preto não está pulando.,0,contradiction,hypothesis
358,A veterinária está cuidando de dois cachorros doentes ao mesmo tempo,Dois cachorros não estão sendo cuidados por uma veterinária,0,contradiction,hypothesis
359,Uma pessoa está deslizando na água em um jet ski,Ninguém está se divertindo em um jet ski na água,0,contradiction,hypothesis
366,"A atração infantil oferece várias atividades para as crianças, incluindo piscinas de bolinhas e escorregadores",As crianças não têm várias atividades para se entreter na atração infantil,0,contradiction,hypothesis
373,Um homem está em um consultório médico tendo sua pressão arterial medida pelo médico,Nenhum homem está em um ambiente médico recebendo um exame de pressão arterial de um profissional de saúde,0,contradiction,hypothesis
374,Não existe nenhuma mulher cortando um bolo com uma espátula,Uma mulher está usando uma espátula para cortar um bolo.,0,contradiction,hypothesis
375,O secretário de saúde do Estado está dando entrevista,O funcionário do governo do Estado não está falando para a mídia.,0,contradiction,hypothesis
376,As dicas de arte estão sendo apresentadas em sequência,As dicas de arte não estão sendo mostradas uma após a outra,0,contradiction,hypothesis
377,O shampoo e condicionador estão dispostos na janela do box do banheiro,Não existem produtos de higiene na janela do box do banheiro,0,contradiction,hypothesis
379,Pássaros voam em bando durante o entardecer sob um céu azul com poucas nuvens acinzentadas de tonalidades laranja,Pássaros não estão voando juntos no céu ao entardecer,0,contradiction,hypothesis
383,Uma fogueira arde intensamente com brasas vermelhas e chamas amarelas e laranjas,Não existe uma fonte de calor forte.,0,contradiction,hypothesis
388,O nascer do sol ilumina um campo florido,O campo florido não está iluminado pelo sol,0,contradiction,hypothesis
400,O conjunto de jovens europeus está reunido ali,Um grupo de jovens da Europa não está congregado no local.,0,contradiction,hypothesis
401,Um bolo retangular está coberto com ganache e decorado com raspas de chocolate preto na lateral e topo,O bolo retangular não possui cobertura de ganache e decoração de raspas de chocolate preto,0,contradiction,hypothesis
406,"Centenas de bebês estão sem pais, conforme relatado em jornais antigos",Poucos bebês foram relatados como órfãos em jornais antigos,0,contradiction,hypothesis
413,A mulher está alimentando um pássaro à beira de um lago,Não há uma mulher perto de um lago cuidando de um pássaro.,0,contradiction,hypothesis
419,"Um pai e sua filha, vestidos com máscaras e capas de heróis, estão olhando para o horizonte",Um homem e sua filha não estão usando fantasias de super-heróis e olhando para o horizonte,0,contradiction,hypothesis
427,Um homem está segurando um peixe que ele possivelmente pescou em um rio,Um indivíduo não está com um peixe em suas mãos que ele pode ter pescado em um rio.,0,contradiction,hypothesis
428,"Três adolescentes estão segurando seus celulares, com uma delas exibindo a tela da rede social",Adolescentes não estão usando seus celulares,0,contradiction,hypothesis
429,"Várias pimentas de cores verdes, laranjas e vermelhas estão reunidas",As pimentas não estão agrupadas por cores,0,contradiction,hypothesis
430,Não há nenhuma criança brincando no parquinho,O parquinho não está vazio de crianças,0,contradiction,hypothesis
433,Um viajante solitário com um chapéu vermelho está atravessando um deserto de areias douradas,Uma pessoa sem chapéu vermelho está em um deserto.,0,contradiction,hypothesis
437,Dois pacotes transparentes contendo casquinhas de brownie estão dispostos sobre uma bancada de madeira diante de uma parede preta,Casquinhas de brownie não estão arrumadas em duas embalagens transparentes em uma bancada de madeira.,0,contradiction,hypothesis
442,A receita proposta promete promover uma super-hidratação para prolongar a vida dos fios de cabelo,A receita sugerida não promete aumentar a longevidade dos fios de cabelo através de hidratação intensiva.,0,contradiction,hypothesis
451,O homem está guardando o violão na estante,O homem não tem um violão.,0,contradiction,hypothesis
452,Oito momentos de um jogo de boliche na capital foram compartilhados com colegas e seus familiares,Os colegas e familiares não viram oito momentos de um jogo de boliche na capital,0,contradiction,hypothesis
453,Vários indivíduos se encontram em um campo de futebol para um torneio amador,Não existe um torneio amador acontecendo em um campo de futebol,0,contradiction,hypothesis
456,Um gato está puxando a cortina e se pendurando nela,A cortina não está sendo puxada por um gato,0,contradiction,hypothesis
457,Um pesquisador vestindo uma luva cirúrgica está segurando um tubo de ensaio e colhendo uma amostra de água,Um pesquisador vestindo uma luva cirúrgica não está manuseando um tubo de ensaio nem coletando uma amostra de água,0,contradiction,hypothesis
460,Um gato branco e cinza está sentado na areia,Um felino não está descansando na praia.,0,contradiction,hypothesis
465,Uma criança vestida de camisa social está segurando um dado em sua mão direita,O garoto de camisa social não tem um dado em sua mão direita,0,contradiction,hypothesis
468,Um gato está se espreguiçando no sofá,O gato não está no sofá se espreguiçando,0,contradiction,hypothesis
469,O cartaz informa sobre as operações atuais da polícia durante a pandemia do novo Coronavírus,As operações atuais da polícia durante a pandemia de COVID-19 não são informadas através de um cartaz,0,contradiction,hypothesis
471,As mães estão segurando filhos no colo e uma delas está grávida,Nenhuma mãe grávida está segurando um filho no colo.,0,contradiction,hypothesis
478,Uma mulher está ralando o queijo com um utensílio,Não existe queijo sendo ralado por uma mulher.,0,contradiction,hypothesis
485,Uma mulher está usando um chapéu azul e sentada próxima a uma bicicleta rosa sobre a grama verde com o lago ao fundo,A mulher com um chapéu azul não está sentada perto de uma bicicleta rosa no parque,0,contradiction,hypothesis
503,Um tênis preto tem pedrarias na biqueira,Não há pedras decorativas na ponta de um tênis preto,0,contradiction,hypothesis
507,"Uma pessoa de blusa verde estampada está sentada em frente a uma grande árvore, usando óculos escuros e segurando o cabelo",A pessoa não está ao ar livre.,0,contradiction,hypothesis
509,Os indivíduos não estão de pé ao lado de uma loja de doces,As pessoas estão ao lado de uma loja que vende doces,0,contradiction,hypothesis
511,Três palhaças estão se apresentando no espetáculo,Não existem palhaças que estão se apresentando em um espetáculo,0,contradiction,hypothesis
516,Um prédio de apartamentos tem 15 andares,Não existem 15 andares em um prédio de apartamentos,0,contradiction,hypothesis
517,"Participantes estão sentados em cadeiras pretas em uma oficina, com o orientador e uma intérprete de Libras à frente",Os participantes não estão em uma oficina tendo assistência de um intérprete de Libras.,0,contradiction,hypothesis
528,Uma mão está segurando uma arma,Ninguém está em posse de uma arma.,0,contradiction,hypothesis
530,Uma menina sorridente está vestida com um vestido preto floral e um casaco cor-de-rosa de tecido de pelo,A menina não está usando um casaco cor-de-rosa,0,contradiction,hypothesis
533,Um potinho com sorvete de laranja está sendo degustado pela senhora,A senhora não está saboreando um sorvete de laranja.,0,contradiction,hypothesis
535,Uma garota nadando resgata o filhote assustado no meio do lago,O filhote não está sendo salvo por uma menina que está nadando.,0,contradiction,hypothesis
538,Um atleta de badminton se reúne com três amigos,Não há quatro pessoas juntas.,0,contradiction,hypothesis
540,Um mix de brincos e piercings banhados a ouro estão cravejados com pedras de zircônias,Os brincos e piercings não estão enfeitados com zircônias.,0,contradiction,hypothesis
541,"Um salão está cheio de pessoas, algumas sentadas e outras de pé",Não há pessoas sentadas e em pé no salão,0,contradiction,hypothesis
547,A escritora está procurando alguém para dispensar o editor do seu livro,A escritora não está em busca de uma pessoa para substituir o editor de seu livro,0,contradiction,hypothesis
550,Uma borboleta azul com asas brilhantes repousa sobre a flor vermelha,Uma borboleta de cor azul não está sobre uma flor vermelha,0,contradiction,hypothesis
553,Uma ave cinzenta está se aproximando de um gato branco na floresta de pinheiros,Uma ave de cor cinza não está perto de um gato branco na floresta de pinheiros,0,contradiction,hypothesis
555,Pacotes de bombons de chocolate com banana e chocolate com amendoim sem açúcar estão dispostos sobre uma mesa,Bombons de chocolate com banana e amendoim sem açúcar não estão disponíveis na mesa.,0,contradiction,hypothesis
559,A loja oferece semijoias banhadas em ouro com um ano de garantia,As semijoias vendidas na loja não são banhadas a ouro e não têm garantia de um ano,0,contradiction,hypothesis
566,Um garoto está pintando o quadro,O quadro não está sendo pintado.,0,contradiction,hypothesis
568,Um bolo redondo é coberto com chantilly espatulado branco e decorado com rosas e rosetas na lateral e em cima,O bolo redondo não tem decoração de rosas e rosetas,0,contradiction,hypothesis
572,No jantar serviremos batatas salpicadas e um prato de anéis de cebola empanados,Não haverá batatas e anéis de cebola para comer no jantar.,0,contradiction,hypothesis
574,Não tem nenhum homem assando um peixe,Um peixe está sendo assado por um homem,0,contradiction,hypothesis
575,Uma raposa vermelha está saltando por um bosque de árvores altas,A raposa vermelha não está em um bosque com árvores de grande porte.,0,contradiction,hypothesis
580,As crianças adoram brinquedos populares,Os brinquedos populares não são muitas vezes desejados pelas crianças,0,contradiction,hypothesis
581,Dois homens estão segurando uma caixa branca cheia de alimentos,Uma caixa branca cheia de alimentos não está sendo segurada por dois homens,0,contradiction,hypothesis
583,Uma mãe recebe carinho de seus dois filhos,Dois filhos não estão demonstrando carinho à sua mãe,0,contradiction,hypothesis
584,A equipe brasileira está reunida em círculo na quadra com os braços erguidos,A equipe brasileira não está com os braços erguidos em círculo na quadra,0,contradiction,hypothesis
585,Um donut é recheado com brigadeiro e coberto com creme de baunilha,O donut não tem brigadeiro dentro dele,0,contradiction,hypothesis
587,Um homem está acariciando um guaxinim,Um guaxinim não está sendo acariciado por um homem,0,contradiction,hypothesis
588,Uma árvore rosa floresce em uma rua residencial com uma casa de sobrado e dois carros pratas estacionados,Uma árvore rosa não está em flor em uma rua residencial,0,contradiction,hypothesis
589,"A sala possui uma mesa decorada, uma planta, um puff e vários artigos decorativos",Não há um puff na sala.,0,contradiction,hypothesis
592,Um par de tênis preto infantil é visto de cima para baixo,Um par de sapatos para crianças de cor preta não está sendo visualizado a partir de um ponto de vista superior.,0,contradiction,hypothesis
598,Uma garotinha está tampando o rosto com a mão,A garotinha não tem a mão no rosto.,0,contradiction,hypothesis
601,Um prato de comida pode espalhar sorrisos ao longo do dia,Um prato de comida não pode melhorar o humor das pessoas durante o dia,0,contradiction,hypothesis
609,Uma mulher está abotoando um casaco,Um casaco não está sendo abotoado por uma mulher.,0,contradiction,hypothesis
614,Um homem está descascando uma batata amarela,Uma batata amarela não está sendo descascada por um homem,0,contradiction,hypothesis
616,Os jogadores de futebol não estão em campo e não estão vestindo suas camisas verde e amarelas,Os jogadores de futebol estão vestindo verde e amarelo,0,contradiction,hypothesis
617,"Um trem está cheio de pessoas, tanto sentadas quanto em pé, todas usando máscaras faciais",As pessoas no trem não estão usando máscaras faciais.,0,contradiction,hypothesis
620,Um sêmen e um óvulo são desenhados pelo professora de biologia,A professora de biologia não está desenhando um sêmen e um óvulo,0,contradiction,hypothesis
622,Uma prova está sendo realizada em uma sala de aula,Estudantes não estão fazendo uma prova,0,contradiction,hypothesis
624,Membros do movimento estão formalizando uma solicitação contra o aumento das tarifas de ônibus,Pessoas do movimento não estão fazendo um pedido formal contra o aumento das tarifas de ônibus,0,contradiction,hypothesis
628,Uma menina loira de vestido vermelho está saltando para fora de um balanço azul,Uma criança de cabelos claros não está saltando de um balanço.,0,contradiction,hypothesis
633,O paciente e o médico usam óculos de grau,Tanto o paciente quanto o médico não necessitam de correção visual,0,contradiction,hypothesis
640,A pessoa está usando um biquíni preto e rosa e óculos de sol na praia,Uma pessoa não veste um biquíni preto e rosa na praia.,0,contradiction,hypothesis
643,Uma enfermeira está presente e a previsão de publicação dos editais é amanhã,Não haverá a divulgação dos editais amanhã.,0,contradiction,hypothesis
646,Um moletom vermelho de manga comprida está estampado com o tema do filme,O moletom de cor vermelha não tem uma estampa relacionada a um filme.,0,contradiction,hypothesis
648,"Atletas se preparam para uma corrida, alongando-se sob a orientação de uma instrutora",Os atletas não estão se alongando sob supervisão.,0,contradiction,hypothesis
650,Um gato cinza escuro e um coelho branco puro estão correndo no jardim,Não existem um gato e um coelho no jardim.,0,contradiction,hypothesis
652,Oito aplicadores de produtos de sobrancelha estão dispostos numa mesa,Não há produtos de sobrancelha dispostos numa mesa.,0,contradiction,hypothesis
661,Duas meninas estão fazendo a lição de casa,Duas meninas não estão ocupadas com a tarefa escolar,0,contradiction,hypothesis
666,Uma mulher está se equipando antes de mergulhar,Uma pessoa não está se preparando para uma atividade subaquática,0,contradiction,hypothesis
667,Um homem está descascando uma laranja que é suculenta,Uma laranja não suculenta está sendo descascada por um homem,0,contradiction,hypothesis
668,Não há nenhum homem tamborilando seus pés,O som de pés tamborilando pode ser ouvido.,0,contradiction,hypothesis
669,Uma mulher está treinando arco e flecha em um campo de tiro,Não há uma mulher praticando tiro com arco em um campo específico para isto.,0,contradiction,hypothesis
674,Os carros estão sendo dirigidos por dois motoristas,Não existem dois motoristas conduzindo os carros,0,contradiction,hypothesis
677,Uma modelo de perfil veste uma camisa branca transparente e carrega uma mochila preta,A modelo não tem uma camisa branca e uma mochila preta.,0,contradiction,hypothesis
680,"Não há nenhuma mulher vestindo um vestido bordado de azul, em pé na varanda e cantando",Há uma mulher cantando na varanda,0,contradiction,hypothesis
682,O homem está assando pães,Pães não estão sendo assados por um homem,0,contradiction,hypothesis
684,Um homem não está descascando batatas,Há um homem retirando a casca de batatas,0,contradiction,hypothesis
687,O músico está de pé afinando seu violino diante da orquestra,Ninguém está preparando seu violino para uma apresentação com a orquestra,0,contradiction,hypothesis
688,"A modelo está sentada em uma cadeira em uma casa, vestindo um chinelo rasteira bege com enfeite",Nenhuma mulher vestida com um chinelo bege está sentada em uma residência.,0,contradiction,hypothesis
690,Um conjunto de indivíduos não está prestando atenção na tela de projeção,Os indivíduos não estão desviando o olhar da tela de projeção,0,contradiction,hypothesis
694,O menino de patins está deslizando na pista,Nenhum garoto está praticando patinação em um circuito,0,contradiction,hypothesis
700,Uma mulher loira está afinando um violino e organizando partituras,A mulher loira não está mexendo no violino nem nas partituras.,0,contradiction,hypothesis
703,Uma mão é vista segurando uma pipa em direção a um arco-íris ao fundo,Não há nenhuma pipa sendo segurada em frente a um arco-íris.,0,contradiction,hypothesis
705,O céu está completamente nublado,Há sol visível.,0,contradiction,hypothesis
709,Um homem com barba está atravessando uma floresta densa,Não existe um homem barbudo na floresta.,0,contradiction,hypothesis
710,Um casal está se alongando em um ambiente natural repleto de árvores e grama,"Duas pessoas não estão fazendo alongamento em um ambiente ao ar livre, cercado por árvores e grama",0,contradiction,hypothesis
717,O autor afirma ter sido maltratado e desvalorizado antes da fama,O escritor não relata ter sofrido maus tratos e falta de valorização antes de se tornar famoso,0,contradiction,hypothesis
718,Não tem nenhum gato arranhando um sofá,Um sofá está sendo arranhado por um gato,0,contradiction,hypothesis
719,"Uma apresentação de dança está ocorrendo, com todos os participantes vestidos de preto e em movimento",Nem todos os participantes de uma apresentação de dança estão vestidos de preto e dançando.,0,contradiction,hypothesis
720,Existe um maço de couve fresca nas mãos de uma pessoa,Ninguém está segurando uma couve fresca.,0,contradiction,hypothesis
722,"Uma jovem ginasta está de uniforme, ansiosamente aguardando sua vez de apresentar-se na próxima competição",A ginasta não está vestida e pronta para sua próxima competição,0,contradiction,hypothesis
724,Uma mãe e seu filho estão sorrindo juntos para celebrar o aniversário do filho,O filho da mãe não está comemorando seu aniversário.,0,contradiction,hypothesis
732,Uma garota de vermelho está correndo de um homem de vermelho,Uma figura feminina não está fugindo de uma figura masculina,0,contradiction,hypothesis
733,Um risoto é servido em um prato com design de folha,O risoto não está em um prato,0,contradiction,hypothesis
738,Um gatinho está disponível para adoção responsável,Não existe um animal de estimação esperando por um novo lar.,0,contradiction,hypothesis
744,A mulher cozinha um prato de macarrão ao molho agridoce,A mulher não está preparando uma refeição com macarrão,0,contradiction,hypothesis
748,Um estudo afirma que jogar videogame pode aumentar a inteligência,"De acordo com uma pesquisa, jogar videogame não pode melhorar a inteligência",0,contradiction,hypothesis
751,"A bebida é um milkshake, adornado com chantilly, uma cereja e dois tubetes",A bebida não é doce nem decorada,0,contradiction,hypothesis
752,Um empreendedor sorridente está segurando um tablet,O empreendedor não está segurando um objeto em suas mãos.,0,contradiction,hypothesis
753,Uma mulher está espremendo uma espinha em seu rosto enquanto uma explicação ao lado detalha a formação de acnes,Uma mulher não está espremendo uma espinha no rosto nem há uma explicação sobre acnes ao lado dela,0,contradiction,hypothesis
759,Uma garota está dançando sob a chuva no campo,Uma criança não está se molhando enquanto dança ao ar livre,0,contradiction,hypothesis
762,O homem está apoiado em um muro e está vestindo uma camiseta branca e jeans azul,O homem não está vestindo jeans azul.,0,contradiction,hypothesis
763,O atleta está participando de um arremesso de peso em uma olimpíada,O atleta não está competindo em um evento esportivo,0,contradiction,hypothesis
764,Um gato malhado está se divertindo com um novelo de lã desfiado em um tapete vermelho,O gato malhado não está brincando com um novelo de lã em cima de um tapete de cor vermelha,0,contradiction,hypothesis
765,Uma garota está empunhando uma rede de borboletas e saltando atrás de uma mariposa,A garota não está tentando capturar uma mariposa.,0,contradiction,hypothesis
775,O senador está acompanhado de sua esposa,A esposa do senador não está com ele,0,contradiction,hypothesis
776,Há um menino alegremente empinando uma pipa de papel,Não existe um garoto brincando com uma pipa de papel,0,contradiction,hypothesis
780,Uma mulher negra está sorrindo de olhos fechados,Nenhuma pessoa está com os olhos fechados e sorrindo.,0,contradiction,hypothesis
783,Uma garça está deslizando pelo manguezal,Uma garça não está se movendo pelo manguezal,0,contradiction,hypothesis
785,Sete pessoas estão sentadas à mesa posando,Não existe um grupo de pessoas posando para uma foto à mesa.,0,contradiction,hypothesis
787,Um gato está se aquecendo em um telhado enquanto a lua lança seu brilho suave sobre ele,Não existe um gato em um telhado à noite.,0,contradiction,hypothesis
789,Uma nota pública foi escrita pelo político sobre o acidente sofrido,O político não escreveu uma nota sobre o acidente que sofreu,0,contradiction,hypothesis
790,Uma mulher no palco está tocando fervorosamente seu violão,Nenhuma pessoa está tocando um instrumento musical no palco.,0,contradiction,hypothesis
796,Um homem está segurando um livro aberto,Nenhuma pessoa está com um livro aberto em suas mãos.,0,contradiction,hypothesis
798,Uma mulher está folheando um livro com várias outras obras empilhadas ao fundo,"Ao fundo, não há várias obras literárias empilhadas enquanto uma mulher folheia um livro",0,contradiction,hypothesis
799,Seis participantes estão em uma reunião ao redor de uma mesa,Não há uma reunião acontecendo com a participação de mais de cinco pessoas.,0,contradiction,hypothesis
800,Na sala há um quadro com uma linda pintura,Não existe uma pintura bonita na sala,0,contradiction,hypothesis
804,Três pessoas estão dormindo no chão de um terminal de ônibus vazio,Não existe um terminal de ônibus vazio.,0,contradiction,hypothesis
809,Caixas de presente amarelas com laços azuis foram entregues,As caixas de presente entregues não têm laços azuis.,0,contradiction,hypothesis
812,Um homem está fazendo o sinal de positivo com a mão,Não há um homem mostrando um gesto afirmativo,0,contradiction,hypothesis
814,Uma borboleta aconselha uma lagarta que ela precisa se transformar para poder voar,A borboleta não está orientando a lagarta sobre o processo de metamorfose para voar,0,contradiction,hypothesis
819,Não tem nenhum homem preparando café na cozinha,A cozinha não está livre de homens.,0,contradiction,hypothesis
820,Duas equipes estão avidamente disputando uma partida de vôlei na praia,Duas equipes não estão envolvidas em uma intensa partida de vôlei na areia.,0,contradiction,hypothesis
823,Petiscos e bebidas está sendo servido aos convidados,Os convidados não estão recebendo petiscos e bebidas.,0,contradiction,hypothesis
825,"A seleção de atletas está reunida, com algumas delas em pé e outras sentadas","Não há atletas em posições diferentes, alguns em pé e outros sentados.",0,contradiction,hypothesis
826,Dois indivíduos estão trabalhando no computador,Duas pessoas não estão utilizando um computador,0,contradiction,hypothesis
828,Uma mulher está preparando frutas em uma tigela,As frutas não estão sendo colocadas em uma tigela por uma mulher,0,contradiction,hypothesis
830,"O palco está pronto para a apresentação, com a cortina ainda fechada",Não haverá uma apresentação no palco.,0,contradiction,hypothesis
831,Uma sirene da polícia é ouvida nos arredores,Não existe uma atividade policial nas proximidades,0,contradiction,hypothesis
832,As carteiras estão vazias em uma sala de aula,Há algo nas carteiras da sala de aula,0,contradiction,hypothesis
839,O resultado da segunda chamada do vestibular já está disponível no site oficial,Alguém não pode verificar se passou no vestibular.,0,contradiction,hypothesis
856,Um ciclista sem colete reflexivo está parado em uma bicicleta vermelha ao lado da ciclovia,Um ciclista não está parado ao lado da ciclovia sem um colete reflexivo,0,contradiction,hypothesis
858,Uma mulher envolta em uma toalha está se maquiando diante de um espelho,Uma mulher não está se maquiando diante de um espelho.,0,contradiction,hypothesis
863,"Duas mães estão sentadas sendo maquiadas, com uma mesa cheia de produtos de maquiagem entre elas",Não há produtos de maquiagem na mesa,0,contradiction,hypothesis
864,Um escorredor de louça de dois andares com vários compartimentos está localizado acima das pias,O escorredor de louça sem compartimentos está colocado acima das pias,0,contradiction,hypothesis
866,Três gatinhos listrados estão divertindo-se com um gatinho preto e um novelo de lã,Não há três gatinhos listrados e um gatinho preto brincando com um novelo de lã,0,contradiction,hypothesis
867,A toalha molhada que está sobre uma necessaire,A toalha que está em cima da necessaire não está úmida,0,contradiction,hypothesis
868,Um copo contém um milkshake de tareco,O copo não tem absolutamente nada dentro dele.,0,contradiction,hypothesis
869,Um homem de pele branca está aplicando creme no seus rosto,Não há nenhum homem aplicando creme no rosto.,0,contradiction,hypothesis
873,Uma antiga estante de farmácia exibe frascos e potes pertencentes daquela época,Os frascos e potes exibidos na antiga estante de farmácia não pertencem àquela época,0,contradiction,hypothesis
874,"Um gato, que é branco, está pulando no muro",Nenhum animal felino de cor clara está pulando em um muro.,0,contradiction,hypothesis
875,Não existe nenhum corredor cansado comemorando,Há algum corredor comemorando com sinais de cansaço,0,contradiction,hypothesis
879,Foi filmada uma série explicativa do coronavírus,Nenhuma série explicativa sobre o coronavírus foi criada e filmada.,0,contradiction,hypothesis
880,"Uma pequena gata cinzenta está com um laço rosa, escondida entre as almofadas com um novelo de lã verde",A pequena gata não está escondida entre as almofadas com um novelo de lã,0,contradiction,hypothesis
885,Uma parede branca é iluminada e decorada com três painéis de MDF preto formando uma árvore,Não há nenhuma decoração de árvore em três painéis de MDF preto numa parede branca iluminada,0,contradiction,hypothesis
888,Não há nenhuma mulher batendo uma panela sobre o fogão no quintal,O quintal não está livre de mulheres usando panelas sobre o fogão,0,contradiction,hypothesis
892,A mulher está aplicando despretensiosamente o cream cheese em um bagel torrado,A mulher não está manuseando um bagel torrado.,0,contradiction,hypothesis
893,Três mulheres e um garoto ao lado de uma cerca de bambu estão fazendo poses divertidas,Três mulheres e um garoto não estão fazendo poses divertidas ao lado de uma cerca de bambu,0,contradiction,hypothesis
894,Um koala está trepando na árvore,Não há um koala que está subindo em uma árvore.,0,contradiction,hypothesis
895,Um homem está aparando a barba meticulosamente,A barba do homem não está sendo cuidadosamente aparada,0,contradiction,hypothesis
896,Uma mulher em um skate pink está fazendo manobras enquanto uma amiga em um patins azul está se aproximando,Não há duas mulheres praticando esportes com skate e patins.,0,contradiction,hypothesis
904,O gato cinzento peludo está pulando pelos telhados da vizinhança,O gato cinzento não está se movendo pelos telhados da vizinhança,0,contradiction,hypothesis
906,Uma garota está sussurrando para uma flor,A menina não está falando baixinho para uma planta,0,contradiction,hypothesis
907,Dois lobos cinzentos estão descansando lado a lado,Dois lobos não estão juntos.,0,contradiction,hypothesis
908,A palavra LUTO está escrita com letras brancas em um fundo preto,O fundo preto não tem a palavra LUTO escrita em letras brancas,0,contradiction,hypothesis
911,A logo oficial do podcast é apresentada em tom rosado,O podcast não tem uma logo de cor rosa,0,contradiction,hypothesis
914,Uma criança está aprendendo a andar de skate com a ajuda de um professor,O professor não está auxiliando uma criança a andar de skate.,0,contradiction,hypothesis
917,Um par de sapatos está pendurado em um cabide,"Um par de sapatos não está pendurado, mas sim no chão",0,contradiction,hypothesis
921,Uma louça cheia de brigadeiros está sobre uma mesa de madeira,Brigadeiros não estão dispostos sobre uma mesa de madeira,0,contradiction,hypothesis
932,Uma garota está pintando um quadro,Um quadro não está sendo pintado por uma garota,0,contradiction,hypothesis
933,"A deputada, a primeira-dama e o prefeito expressam felicidade e satisfação após uma reunião bem-sucedida","A reunião com a deputada, a primeira-dama e o prefeito não foi bem-sucedida.",0,contradiction,hypothesis
934,O ministro da saúde é mostrado,Uma autoridade da saúde não está sendo apresentada,0,contradiction,hypothesis
939,"Estou sentada no chão da sala de casa, abraçando minha vira-lata cabeluda","Estou no chão da sala de casa, sem minha vira-lata cabeluda nos braços",0,contradiction,hypothesis
945,Um garoto pequeno de vermelho está correndo pelo campo,Um garoto não está se movimentando pelo campo,0,contradiction,hypothesis
949,Um garotinho está sentado segurando carinhosamente a cabeça de um cachorrinho próximo à sua,Um menino não está interagindo afetuosamente com um cão.,0,contradiction,hypothesis
950,Um cachorro está pintando um quadro,Não existe um quadro sendo pintado por um cachorro.,0,contradiction,hypothesis
963,Os homens e as mulheres estão sendo reunidos próximos às mesas ao livre,Não há uma reunião de pessoas ao ar livre.,0,contradiction,hypothesis
964,Um menino de camisa azul está correndo imprudentemente ao redor da piscina,Não existe um menino de camisa azul correndo ao redor da piscina sem cuidado,0,contradiction,hypothesis
967,Os atletas estão manipulando a bola de vôlei,Os atletas não estão interagindo com a bola de vôlei,0,contradiction,hypothesis
969,A delegação brasileira está usando quimonos tradicionais japoneses,A delegação brasileira não está vestida com trajes japoneses,0,contradiction,hypothesis
979,A cada compra o cliente recebe dois cupons de desconto,O número de cupons de desconto que o cliente obtém após cada compra não é dois,0,contradiction,hypothesis
987,Um barco está navegando,Não há um barco em movimento na água.,0,contradiction,hypothesis
988,O homem veste uma camisa de moletom com capuz nas cores vermelho e preto,O homem não está vestindo um moletom com capuz,0,contradiction,hypothesis
996,Um templo está em chamas na avenida principal,O fogo não está destruindo um templo na avenida principal,0,contradiction,hypothesis
997,Um polvo é visto no fundo do mar,Não existe um polvo habitando o fundo do mar.,0,contradiction,hypothesis
1002,Uma mulher está usando uma máscara com representações de vírus enquanto questiona como o coronavírus impacta as relações de trabalho,Uma mulher mascarada não está questionando o impacto do coronavírus nas relações de trabalho,0,contradiction,hypothesis
1007,Uma criança está deslizando pela areia dourada,A criança não está se divertindo na areia,0,contradiction,hypothesis
1008,O avião é visto na pista com o hangar ao fundo,"O avião não está posicionado na pista de decolagem, com o hangar visível atrás dele",0,contradiction,hypothesis
1012,Diversos vasos contendo mudas estão localizados em uma estufa,As mudas não estão sendo cultivadas em uma estufa,0,contradiction,hypothesis
1014,"Alunas de balé, mães e professora prestam homenagem ao Outubro Rosa",As alunas de balé não estão participando de uma homenagem ao Outubro Rosa.,0,contradiction,hypothesis
1016,A tela está completamente branca,Há cores na tela,0,contradiction,hypothesis
1019,"O garoto, que é muito jovem, está meticulosamente amarrando os cadarços de seu tênis",Uma criança não está dando nó nos cadarços do tênis com muito cuidado.,0,contradiction,hypothesis
1022,O homem está misturando legumes em uma panela,Legumes não estão sendo misturados em uma panela por um homem,0,contradiction,hypothesis
1023,O gato está quieto diante da câmera,O gato está fazendo barulho.,0,contradiction,hypothesis
1024,Um bolo está sendo assado no forno por um homem,Um homem não está assando um bolo,0,contradiction,hypothesis
1029,O homem acredita que as pessoas não valem o derramamento de lágrimas,O homem acha que as pessoas merecem suas lágrimas,0,contradiction,hypothesis
1033,Profissionais de saúde estão administrando vacinas contra a gripe,Pessoas não estão sendo vacinadas contra a gripe.,0,contradiction,hypothesis
1035,A mulher está calmamente lendo um livro debaixo de um pinheiro,Não existe uma pessoa lendo um livro em algum lugar.,0,contradiction,hypothesis
1039,Uma médica está examinando a garganta de uma paciente e questiona a importância da videolaringoscopia,Uma profissional da saúde não está questionando a relevância do uso de um aparelho para visualização da laringe durante um exame de garganta,0,contradiction,hypothesis
1043,Uma mulher está correndo acompanhada de um personal trainer,Ninguém está auxiliando a mulher na corrida,0,contradiction,hypothesis
1045,Dois irmãos estão exibindo seus dentes manchados de vermelho e amarelo,Os irmãos não têm dentes manchados,0,contradiction,hypothesis
1047,Um estudo afirma que a preguiça pode ser benéfica para a saúde,"A preguiça não pode ser benéfica para a saúde, de acordo com um estudo.",0,contradiction,hypothesis
1050,"Relógios digitais estão disponíveis nas cores dourada, rosé e prata","Não existem relógios digitais dourados, rosé e prata no mercado.",0,contradiction,hypothesis
1052,Uma turma de jovens está disputando uma partida de vôlei na areia da praia,Não existe uma partida de vôlei acontecendo na praia com a participação de jovens,0,contradiction,hypothesis
1056,O pequeno garoto está pedalando sua bicicleta triciclo pela trilha do parque,Nenhum garoto está andando de triciclo,0,contradiction,hypothesis
1062,"Os casarões, apesar de antigos, possuem boa acessibilidade",Os casarões não são estruturas antigas com fácil acesso.,0,contradiction,hypothesis
1069,A pizza não está sendo cortada pelo homem,A pizza não está inteira,0,contradiction,hypothesis
1070,O plenário da assembleia está em exibição,Não existe uma assembleia acontecendo atualmente.,0,contradiction,hypothesis
1074,Os avós são considerados bênçãos amorosas na família e nunca devem se tornar fontes de conflito ou descontentamento,Os avós não trazem felicidade para a família,0,contradiction,hypothesis
1077,"Um manequim está vestido com uma blusa mostarda de decote em V e alças finas, e uma saia branca curta com pregas na barra",Não há uma blusa mostarda e uma saia branca no manequim,0,contradiction,hypothesis
1080,A janela da sala de estar está fechada.,Há uma corrente de ar passando pela sala de estar.,0,contradiction,hypothesis
1081,"Um filhote de tamanduá está em um viveiro, cercado por pedaços de madeira e cobertores",O filhote de tamanduá não se encontra em um recinto com pedaços de madeira e cobertores,0,contradiction,hypothesis
1083,"É importante de persistir no amor, mas abandonar aqueles que não são capazes de amar","Não devemos sempre amar, mas devemos deixar de lado aqueles que sabem amar.",2,neutral,hypothesis
1089,O perfume tem vidro de cor preta com tampa preta,O perfume não está em um frasco escuro.,0,contradiction,hypothesis
1096,Pessoas estão reunidas e sorrindo em uma sala de aula,Não há pessoas sorrindo em uma sala de aula.,0,contradiction,hypothesis
1098,Um broto está nascendo no solo,Um novo broto não está surgindo do solo.,0,contradiction,hypothesis
1102,Dez brigadeiros de limão siciliano estão enrolados em granulado bolinha verde e dispostos em uma bandeja retangular de madeira,Brigadeiros não estão envolvidos em granulado verde ou não estão dispostos em uma bandeja retangular,0,contradiction,hypothesis
1106,Um estudo sugere que jantar enquanto assiste TV ou usa o celular pode levar ao ganho de peso,Assistir TV ou usar o celular durante as refeições não aumenta o risco de obesidade.,0,contradiction,hypothesis
1108,Duas mulheres não estão tirando um descanso no plantio do jardim,Duas mulheres não estão ocupadas com o plantio de um jardim,0,contradiction,hypothesis
1109,Um empreendedor rural está transferindo grãos de uma mão para a outra,Grãos não estão sendo movidos de uma mão para a outra.,0,contradiction,hypothesis
1110,Alunos estão nos corredores do colégio apresentando seus trabalhos de Ciências,Não há estudantes exibindo seus projetos de ciências no colégio,0,contradiction,hypothesis
1113,Os pais da garota estão presentes,A garota está sozinha,0,contradiction,hypothesis
1119,Um homem está soltando um pássaro,Um pássaro não está sendo solto por um homem,0,contradiction,hypothesis
1121,"Um pacote de massa de pastel fresca, sem glúten e sem leite, está sobre uma mesa","Não há uma massa de pastel fresca, sem glúten e sem leite, disponível sobre um móvel.",0,contradiction,hypothesis
1123,Um aparelho removível está presente,Não existe um dispositivo que pode ser removido.,0,contradiction,hypothesis
1128,Policiais prendem o motorista no local onde a carreta foi parada,Um motorista não está sendo preso por policiais.,0,contradiction,hypothesis
1129,Não há uma alma sequer repousando nos bancos e admirando o pôr do sol,Os bancos não estão vazios durante o pôr do sol.,0,contradiction,hypothesis
1130,"Um profissional da saúde está aplicando uma vacina em uma mulher, e ambos estão utilizando máscaras de proteção",A mulher não está sendo vacinada.,0,contradiction,hypothesis
1131,Dois halteres e uma maçã enrolada com uma fita métrica estão dispostos,Não existem dois pesos e uma maçã envolvida por uma fita métrica dispostos,0,contradiction,hypothesis
1134,Três bodies estampados estão na vitrine da loja,Não existem três bodies à mostra na loja.,0,contradiction,hypothesis
1137,Não há nenhum menino de azul segurando uma pipa,Existe uma criança de azul com uma pipa em suas mãos.,0,contradiction,hypothesis
1138,Um homem está preparando o café da manhã,Não existe um homem fazendo a primeira refeição do dia,0,contradiction,hypothesis
1143,Uma modelo posa com a mão esquerda no rosto vestindo um macaquinho floral,A modelo não está usando um macaquinho floral,0,contradiction,hypothesis
1144,Uma pantera está se movendo silenciosamente,A pantera não está se deslocando sem fazer barulho,0,contradiction,hypothesis
1156,Um gato branco na areia está correndo pela praia e perseguindo uma pena,O gato branco não está brincando com uma pena na praia.,0,contradiction,hypothesis
1160,Uma profissional da saúde está aplicando a vacina no braço de uma mulher,A mulher não está sendo vacinada,0,contradiction,hypothesis
1163,A pessoa tem uma cicatriz nas costas devido a uma cirurgia de escoliose,A pessoa não passou por um procedimento cirúrgico.,0,contradiction,hypothesis
1167,Um pedaço de pão está sendo comido tranquilamente por um pássaro,O pássaro não está se alimentando de um pedaço de pão,0,contradiction,hypothesis
1169,Um bando de amigos se reúne à beira do lago,Não há um grupo de amigos à beira do lago,0,contradiction,hypothesis
1170,As informações essenciais estão escritas no manual,O manual não contém as informações necessárias.,0,contradiction,hypothesis
1176,O novo presidente está realizando o juramento de posse,O novo líder não está sendo empossado.,0,contradiction,hypothesis
1177,Uma gata malhada está perseguindo uma gata siamesa em uma colina pedregosa,A gata siamesa não está sendo perseguida por uma gata malhada em terreno acidentado,0,contradiction,hypothesis
1179,Nenhum garoto de bermuda está surfando nas ondas,Há um garoto de bermuda surfando nas ondas,2,neutral,hypothesis
1180,Um indivíduo está cantando,Não existe uma pessoa produzindo música com a sua voz.,0,contradiction,hypothesis
1182,Policiais estão em ação numa área dominada pelo tráfico de drogas,As forças de segurança não estão atuando em uma área controlada pelo comércio ilegal de substâncias ilícitas,0,contradiction,hypothesis
1184,Um lagarto está no gramado aproveitando o sol,Não há um lagarto se aquecendo ao sol no gramado,0,contradiction,hypothesis
1185,Um homem solitário está sentado em uma cadeira na beira de um rio,Não há um homem à beira de um rio.,0,contradiction,hypothesis
1189,Uma mulher está praticando ioga ao pôr do sol na areia,A mulher não está na areia durante o pôr do sol.,0,contradiction,hypothesis
1190,Uma tábua especial de frios contém uma ampla variedade de opções,A tábua de frios não tem muitas escolhas,0,contradiction,hypothesis
1194,Duas mulheres estão remando em um caiaque vermelho no lago,Não há pessoas remando em um caiaque no lago,0,contradiction,hypothesis
1200,Um helicóptero é ilustrado voando entre as nuvens,Não há um helicóptero voando no céu,0,contradiction,hypothesis
1202,Um mapa indica a região impactada pela chuva,A chuva não afetou uma região que está identificada no mapa,0,contradiction,hypothesis
1203,O céu está nublado e ventando,O clima não está ventoso e com muitas nuvens no céu,0,contradiction,hypothesis
1204,O bebê veste um macacão com estampa de pequenas folhinhas,A roupa do bebê não tem desenhos de folhas.,0,contradiction,hypothesis
1206,Uma escultura de um veado sendo atacado por outros animais é cercada por muitas árvores,A escultura não é cercada por árvores.,0,contradiction,hypothesis
1207,Uma mãe e seu filho estão sendo assustados no carrinho de um trem fantasma,Não há pessoas assustadas no trem fantasma,0,contradiction,hypothesis
1210,Da janela se vê uma chaminé branca e vermelha liberando fumaça,Não há uma chaminé liberando fumaça visível da janela.,0,contradiction,hypothesis
1212,A garota está equilibrando-se em um monociclo sobre uma ponte de corda,Nenhuma garota está fazendo uma manobra em um monociclo em uma ponte de corda,0,contradiction,hypothesis
1217,Uma bola vermelha está sendo chutada por uma criança que está brincando no parque,Nenhum objeto vermelho está sendo chutado por um pequeno ser humano que está se divertindo em uma área de recreação,0,contradiction,hypothesis
1220,"O caminhão de bombeiros, que é vermelho, está acelerando pela rua",O caminhão de bombeiros vermelho não está se movendo rapidamente pela rua,0,contradiction,hypothesis
1230,Diversos sabores de refeições congeladas estão disponíveis para venda,Não há uma variedade de refeições congeladas à venda,0,contradiction,hypothesis
1231,Uma mão está manuseando uma máquina de cartão para realizar um pagamento,Um pagamento não está sendo realizado através de uma máquina de cartão,0,contradiction,hypothesis
1239,Vários pedaços de sushi estão sendo degustados por um homem,Um homem não está comendo sushi,0,contradiction,hypothesis
1242,Uma menina com características indígenas está sentada,Não há uma menina sentada,0,contradiction,hypothesis
1246,Pessoas estão sentadas em formato de roda em um moderno e colorido espaço de trabalho,Não há pessoas sentadas em um círculo em um ambiente de trabalho contemporâneo e colorido,0,contradiction,hypothesis
1252,Um vidro transparente com álcool em gel está posicionado sobre duas máscaras para o rosto em um balcão preto,Não há um recipiente de álcool em gel localizado sobre duas máscaras faciais em um balcão de cor escura,0,contradiction,hypothesis
1254,Bolos são expostos na mostra de bolos da cidade,Não há bolos na mostra de bolos da cidade,0,contradiction,hypothesis
1262,Duas meninas estão relaxando na areia à beira do mar,Não há pessoas descansando na praia,0,contradiction,hypothesis
1263,Uma mulher está agachada e sofrendo de dor enquanto se exercita,A mulher não está sentindo dor enquanto se exercita,0,contradiction,hypothesis
1265,O atraso no pagamento de uma das três últimas parcelas da prestação de alimento pode resultar em prisão civil,A pessoa não pode ser presa por não pagar uma das três últimas parcelas da prestação de alimento.,0,contradiction,hypothesis
1266,A modelo veste um biquíni azul com detalhe em verde,A modelo não está usando um biquíni colorido,0,contradiction,hypothesis
1267,A escola precisa de mais professores de ciências e matemática,A escola não está com falta de professores em algumas disciplinas.,0,contradiction,hypothesis
1268,Uma aluna está realizando um corte de cabelo em um homem,Um homem não está tendo seu cabelo cortado por uma estudante,0,contradiction,hypothesis
1269,"Dois amigos estão sentados à beira do lago, sem nada além do silêncio a preenchê-los",Os amigos não estão sentados à beira do lago sem falar nada,0,contradiction,hypothesis
1274,Soldados estão alinhados para comemorar o dia da independência,Não existe um grupo de soldados preparado para uma celebração do dia da independência.,0,contradiction,hypothesis
1277,Caramelos de leite estão dispostos na mão,Não há caramelos de leite na mão de alguém,0,contradiction,hypothesis
1278,Duas mulheres estão montadas em um elefante e outro elefante está em destaque à frente,Não existem três elefantes ou mais no local,0,contradiction,hypothesis
1281,Não há nenhuma mulher bebendo água,Algumas mulheres presentes estão consumindo água.,0,contradiction,hypothesis
1282,Um gatinho cinza está arranhando um sofá,O sofá não está sendo arranhado por um gatinho cinza,0,contradiction,hypothesis
1288,Um bolo de chocolate está decorado com cobertura de morango,O bolo de chocolate não tem cobertura de morango.,0,contradiction,hypothesis
1291,A mulher está sentada no jardim e a criança está escorregando do balanço,A mulher não está no jardim e a criança não está saindo do balanço,0,contradiction,hypothesis
1293,Diferentes conjuntos de pares de brincos estão a venda,Não há vários pares de brincos disponíveis para compra,0,contradiction,hypothesis
1294,Uma orquídea roxa está em um vaso claro,Não há uma orquídea de cor roxa em um recipiente claro,0,contradiction,hypothesis
1299,"Quatro latas de bebida em pó estão organizadas em duas fileiras, duas em cima e duas embaixo",Não existem duas latas de bebida em pó na fileira de cima e duas na fileira de baixo,0,contradiction,hypothesis
1300,A Seleção Brasileira exibe o troféu do mundial,A Seleção Brasileira não ganhou o mundial,0,contradiction,hypothesis
1303,A mercearia vende grãos de café torrados e folhas de chá preto,A mercearia não comercializa produtos como grãos de café torrados e folhas de chá preto,0,contradiction,hypothesis
1306,Mulheres estão plantando sementes,Não há mulheres que estão plantando,0,contradiction,hypothesis
1309,O cachorro está correndo atrás da bola no parque,Um cachorro não está perseguindo uma bola em um local aberto,0,contradiction,hypothesis
1310,Uma animação mostra um jornal emergindo de um celular branco segurado na mão,Um celular branco não está sendo usado para visualizar a animação de um jornal,0,contradiction,hypothesis
1317,Muitos surfistas estão deslizando sobre as ondas,Não há pessoas praticando surfe.,0,contradiction,hypothesis
1319,O avião está pronto para decolar,A aeronave não está prestes a iniciar seu voo,0,contradiction,hypothesis
1320,Um barco está sendo navegado por um jovem,Um jovem não está navegando um barco,0,contradiction,hypothesis
1327,Uma taça contendo um drink de morango está posicionada sobre uma mesa preta de madeira,Não há um drink de morango em cima de uma mesa.,0,contradiction,hypothesis
1329,Uma drusa de cristal enfeita a escrivaninha,Não há um adorno de cristal na escrivaninha.,0,contradiction,hypothesis
1331,Um homem negro está aplicando colírio nos olhos,Um indivíduo de pele escura não está colocando gotas em seus olhos.,0,contradiction,hypothesis
1332,Um cisne majestoso está repousando na margem de um lago sereno,Não existe um cisne na margem de um lago.,0,contradiction,hypothesis
1335,"Objetos, incluindo livros e máquinas de escrever, estão dispostos em prateleiras",Livros e máquinas de escrever não estão organizados em prateleiras.,0,contradiction,hypothesis
1339,Visitantes e pesquisadores estão presentes no sítio geológico,Não há pessoas no sítio geológico.,0,contradiction,hypothesis
1340,Uma menina está pulando enquanto joga tênis de praia com um instrutor,Uma menina não está jogando tênis de praia com um instrutor ou está parada.,0,contradiction,hypothesis
1345,Uma mulher está de pé,A mulher está sentada.,0,contradiction,hypothesis
1349,O indivíduo está afinando o violão,O indivíduo não está ajustando as cordas do violão.,0,contradiction,hypothesis
1351,A vacinação está sendo realizada pelo sistema drive thru,As pessoas não estão recebendo a vacina através do sistema drive thru.,0,contradiction,hypothesis
1357,Um gato preto não está comendo ração do prato,O gato preto está se alimentando.,0,contradiction,hypothesis
1360,O texto celebra o Dia das Mulheres,O texto não é uma homenagem ao Dia das Mulheres.,0,contradiction,hypothesis
1363,"A cama está arrumada e sobre ela há uma bandeja com uma xícara de café, uma agenda e um notebook","Não há uma xícara de café, uma agenda e um notebook na cama arrumada.",0,contradiction,hypothesis
1366,Um broche de tampa metalizada está fixado no centro de um tecido branco de algodão,Não há uma tampa metalizada presa em um tecido branco.,0,contradiction,hypothesis
1367,Os estudantes da turma posam juntos com um grande cartaz que contém informações sobre um campeonato,Os estudantes não estão posando com um cartaz sobre um campeonato,0,contradiction,hypothesis
1368,"O céu exibe tons de amarelo, laranja e vermelho como se estivesse em chamas",O céu não tem cores quentes similares ao fogo,0,contradiction,hypothesis
1372,Um garoto jovem está comercializando seu patinete,Um garoto não está vendendo seu patinete,0,contradiction,hypothesis
1377,Um empresário está em seu local de trabalho enquanto a taxa de abertura de empresas aumenta,O empresário não está no escritório ao mesmo tempo que há um aumento na criação de novas empresas,0,contradiction,hypothesis
1378,"A lancheria serve um sanduíche composto por pão tipo baguete, alface, tomate, pepino, queijo, carne e bacon",A lancheria não tem em seu menu um sanduíche com bacon,0,contradiction,hypothesis
1379,"Várias crianças estão de mãos dadas em três fileiras, simbolizando os jovens beneficiados pelo projeto",O projeto não beneficia jovens.,0,contradiction,hypothesis
1383,Uma cadela está se divertindo com folhas e demonstrando um comportamento travesso,Uma cadela não se diverte brincando com folhas e não age de maneira travessa.,0,contradiction,hypothesis
1389,O pesquisador ressalta a importância fundamental da mobilidade e expressão em todas as atividades,O pesquisador não destaca a necessidade de mobilidade e expressão em todas as atividades.,0,contradiction,hypothesis
1391,Uma criança está se divertindo com seu carrinho de brinquedo,Uma criança não está brincando com um carrinho de brinquedo,0,contradiction,hypothesis
1392,"Existem cinco sapatos diferentes em exibição, três dos quais são de salto alto",Não há três sapatos de salto alto em exibição,0,contradiction,hypothesis
1393,Atores e atrizes da peça estão vestidos com seus figurinos para a promoção do espetáculo,Os atores não estão vestidos para a promoção do espetáculo,0,contradiction,hypothesis
1396,A informação principal é que restam alguns dias para as eleições,As eleições ocorreram,0,contradiction,hypothesis
1397,Uma garrafa de vinho tinto está junto à ingredientes para uma macarronada,A garrafa de vinho tinto não faz parte dos ingredientes para a macarronada,0,contradiction,hypothesis
1398,Formigas estão localizadas em um espinho de uma acácia,Não existem formigas em um espinho de acácia,0,contradiction,hypothesis
1400,"Eu e minha noiva tiramos uma selfie durante nosso casamento, junto com fotos de família",Nenhuma foto foi tirada durante o casamento,0,contradiction,hypothesis
1401,A loja anuncia a possibilidade de encomendar brigadeiros,A loja não oferece serviços de encomendas,0,contradiction,hypothesis
1413,Não tem nenhum homem tocando piano,O piano está sendo tocado por um homem,0,contradiction,hypothesis
1414,"O escritório possui uma vista para um jardim com árvores verdes, bromélias e uma fonte de água corrente",O escritório não tem visão para um jardim com uma fonte de água corrente,0,contradiction,hypothesis
1419,"A linha retrátil de produtos, incluindo garrafas, copos e marmitas, está em exibição no estande da empresa",Não há uma variedade de produtos reutilizáveis sendo exibidos no estande da empresa,0,contradiction,hypothesis
1420,Um estudo revela que mais de 1 milhão de pessoas morrem anualmente devido a doenças transmitidas por insetos,"Anualmente, poucas mortes são causadas por doenças transmitidas por insetos",0,contradiction,hypothesis
1428,Não há nenhuma mulher lendo um livro sob a sombra de uma árvore em uma tarde de primavera,Há alguém lendo um livro sob a sombra de uma árvore em uma tarde de primavera,0,contradiction,hypothesis
1430,"Um homem, sem camisa e com uma bolsa a tiracolo, está diante de uma montanha rochosa enquanto o céu se enche de nuvens ao longe",Um homem sem camisa não está em frente a uma montanha com o céu nublado ao fundo.,0,contradiction,hypothesis
1432,O garoto da camisa vermelha está desenhando,Não há um desenho sendo feito pelo garoto da camisa vermelha,0,contradiction,hypothesis
1433,Um profissional de saúde está realizando radioterapia em um paciente deitado,Um paciente deitado não está recebendo radioterapia de um profissional de saúde,0,contradiction,hypothesis
1435,"Uma taça de milkshake é decorada com flocos, tubetes e chantilly",A taça de milkshake não tem enfeites,0,contradiction,hypothesis
1438,Um potinho contendo rolinhos de sorvete está sendo coberto com uma calda de chocolate,Rolinhos de sorvete não estão sendo regados com uma calda de chocolate,0,contradiction,hypothesis
1440,Um carro está de cabeça para baixo em meio ao caos,O carro não virou durante um evento caótico,0,contradiction,hypothesis
1441,A senhora serviu um bule de chá aos seus convidados,Os convidados da senhora não receberam chá.,0,contradiction,hypothesis
1443,O topo de uma árvore de Natal está decorado,A árvore de Natal não tem decoração,0,contradiction,hypothesis
1448,Um peixe está balançando sua cauda na superfície do mar,Não existe um peixe movendo sua cauda na superfície do mar,0,contradiction,hypothesis
1449,Uma mulher está admirando as gravuras da coleção na parede enquanto está parada na escada do local,Uma mulher não está na escada olhando as gravuras da coleção na parede,0,contradiction,hypothesis
1452,"Potes, tigelas e copos de vidro estão expostos, com uma das tigelas contendo peras",Não há peras em uma das tigelas de vidro expostas,0,contradiction,hypothesis
1460,"Uma estante está repleta de discos e uma vitrola, adornada com iluminação decorativa diferenciada",A iluminação decorativa não está adornando uma estante com discos e uma vitrola,0,contradiction,hypothesis
1461,O gato está dormindo na cadeira,O felino não está repousando sobre a cadeira.,0,contradiction,hypothesis
1462,O pequeno garoto de vermelho está se divertindo no balanço,Não existe um garoto no balanço.,0,contradiction,hypothesis
1463,"A frigideira contém queijo, bacon, milho e frango","Não há queijo, bacon, milho e frango na frigideira",0,contradiction,hypothesis
1464,A psicóloga alerta sobre casos de tristeza profunda e depressão,A psicóloga não está aconselhando sobre o perigo de tristeza intensa e depressão.,0,contradiction,hypothesis
1465,"Uma mulher está sentada na montanha-russa, usando óculos 3D e fone de ouvido",Uma mulher não está em uma montanha-russa.,0,contradiction,hypothesis
1469,O chimpanzé está rodeado de folhas na floresta,Não há folhas ao redor do chimpanzé na floresta.,0,contradiction,hypothesis
1470,Uma pessoa está sentada enquanto joga em várias telas,Não há uma pessoa jogando em diversas telas enquanto está sentada,0,contradiction,hypothesis
1471,O robô está convidando para uma demonstração do dispositivo no próximo sábado,Nenhuma demonstração do dispositivo será realizada no próximo sábado com o robô.,0,contradiction,hypothesis
1475,"Um prato de ovos mexidos, salsichas e queijo é colocado na mesa ao lado de uma xícara de chá preto com leite",Não há um prato de comida e uma xícara de chá preto na mesa,0,contradiction,hypothesis
1476,A chuva está caindo no rosto do garoto que está de casaco azul,O menino de casaco azul não está se molhando na chuva,0,contradiction,hypothesis
1484,Há livros infantis disponíveis na biblioteca,A biblioteca não possui livros destinados ao público infantil,0,contradiction,hypothesis
1487,Um gato siamês está brincando no jardim com um novelo de lã entre as patas,O gato siamês não está no jardim.,0,contradiction,hypothesis
1489,Um homem está observando o trânsito em frente à sua residência,O homem não está em frente à sua casa olhando o trânsito,0,contradiction,hypothesis
1493,Uma mulher está parada diante de um espelho,Uma mulher não está em frente a um espelho,0,contradiction,hypothesis
1495,Um menino vestindo uma blusa regata azul está observando uma foto,O menino não está observando uma foto enquanto veste uma blusa regata azul.,0,contradiction,hypothesis
1497,As atrizes protagonistas da novela são mostradas,As atrizes principais da novela não estão sendo apresentadas,0,contradiction,hypothesis
1500,Uma pessoa está protegendo um violão,Não há uma pessoa cuidando de um instrumento musical,0,contradiction,hypothesis
1504,"Um indivíduo está sentado à beira do mar, sendo atingido por uma onda",O indivíduo não está sendo atingido por uma onda enquanto está sentado à beira do mar,0,contradiction,hypothesis
1510,Os guardas municipais estão em treinamento na escola,Os guardas municipais não estão se preparando na escola.,0,contradiction,hypothesis
1511,Jovens estão reunidos ao redor de uma mensagem em uma janela de computador que os lembra de fazer algo por si mesmos hoje,Jovens não estão juntos olhando uma mensagem em uma tela de computador,0,contradiction,hypothesis
1512,Não tem nenhuma mulher bebendo café,Nem todas as mulheres presentes estão evitando o café.,2,neutral,hypothesis
1516,O homem não está misturando molho em uma tigela,O homem não está evitando mexer o molho na tigela,0,contradiction,hypothesis
1522,Um homem está andando com um cão na chuva,Um homem não está caminhando com seu cachorro sob a chuva,0,contradiction,hypothesis
1525,A frase sugere que o pensamento é uma forma de a alma se comunicar consigo mesma,O pensamento não é uma maneira da alma falar consigo mesma,0,contradiction,hypothesis
1528,Dois atletas paraolímpicos em cadeiras de rodas estão competindo em uma corrida,Não há uma competição de corrida com a participação de atletas paraolímpicos em cadeiras de rodas.,0,contradiction,hypothesis
1529,Um castelo está sendo observado por uma jovem morena,Uma jovem de cabelos escuros não está olhando para um castelo,0,contradiction,hypothesis
1532,Atletas de duas diferentes categorias estão treinando juntos,"Não estão todos treinando na mesma área, apesar de pertencerem a categorias diferentes.",0,contradiction,hypothesis
1534,Um mergulhador azul está alimentando um golfinho,O golfinho não está sendo alimentado por um mergulhador,0,contradiction,hypothesis
1535,A eletricidade não voltou e o banho ainda será com água fria,"A eletricidade não está desligada, portanto o chuveiro elétrico funcionará e o banho não será com água fria.",0,contradiction,hypothesis
1539,Uma mulher está partindo uma corrente com um machado,Uma mulher não está usando um machado para romper uma corrente.,0,contradiction,hypothesis
1545,O treinador e dois jogadores comemoram abraçados após marcarem o gol da vitória,O gol da vitória não foi marcado,0,contradiction,hypothesis
1546,"Dois gatos, um cinza e outro laranja, estão brincando despreocupadamente juntos no quintal",Não há um gato cinza e um gato laranja brincando juntos.,0,contradiction,hypothesis
1549,Os filhos da pessoa estão aproveitando as férias brincando com amigos e comendo pipoca,As crianças da pessoa não estão se divertindo e comendo pipoca,0,contradiction,hypothesis
1550,Um bebê está mamando no peito da mãe,O bebê não está se alimentando no peito da mãe,0,contradiction,hypothesis
1553,Não há nenhum barco de vela vermelho navegando contra a correnteza,Existe um barco de vela vermelho navegando na direção oposta ao fluxo da água.,0,contradiction,hypothesis
1554,Não existe nenhum homem abandonando um bebê em um beco sujo,Algum bebê está sendo abandonado em um beco sujo por um homem.,0,contradiction,hypothesis
1557,Uma praça central é conectada por cinco ruas e é cercada por vários prédios,A praça não está localizada em uma área urbana.,0,contradiction,hypothesis
1561,Não há nenhum coelho saltando buracos,Os coelhos estão saltando buracos.,0,contradiction,hypothesis
1563,Os pais estão observando suas trigêmeas recém-nascidas,Não há um trio de irmãs recém-nascidas sendo olhadas pelos pais,0,contradiction,hypothesis
1564,Uma chaminé de fábrica está emitindo resíduos,A fábrica não está em funcionamento,0,contradiction,hypothesis
1574,Servidores públicos participaram do da gincana,A gincana não contou com a participação de servidores públicos.,0,contradiction,hypothesis
1576,As crianças ajudaram na limpeza do pátio da escola e os professores estão felizes por isso,Os professores não estão contentes com a ação das crianças,0,contradiction,hypothesis
1579,Jovens em trajes de esporte não estão jogando bola no campo,Há alguém jogando bola no campo em trajes de esporte,0,contradiction,hypothesis
1581,Uma mulher branca de cabelo castanho escuro está usando um chapéu de palha e óculos escuros em um dia ensolarado,A mulher não está protegendo os olhos do sol com óculos escuros.,0,contradiction,hypothesis
1582,Um peixe prateado está saltando graciosamente fora do mar,Um peixe não está realizando um salto acrobático para fora do mar,0,contradiction,hypothesis
1584,Não tem nenhuma mulher interferindo,As mulheres não estão evitando a interferência,0,contradiction,hypothesis
1585,"Vários homens se reúnem e se abraçam, formando um círculo no centro de um campo de futebol",Um grupo de homens não está formando um círculo no campo de futebol através de um abraço coletivo,0,contradiction,hypothesis
1586,Alunos estão realizando experimentos em um laboratório,Experimentos não estão sendo realizados por alunos em um laboratório,0,contradiction,hypothesis
1594,Um cachorro está se divertindo com uma bola velha,O cachorro não está brincando com uma bola já usada,0,contradiction,hypothesis
1596,No banheiro há um porta-sabonete e uma planta,Não existe uma planta no banheiro.,0,contradiction,hypothesis
1602,Um homem está distribuindo cestas básicas para as pessoas,Ninguém está ajudando pessoas fornecendo cestas básicas,0,contradiction,hypothesis
1603,As folhas estão paradas,Há vento agitando as folhas.,0,contradiction,hypothesis
1610,Cinco homens estão presentes na tela,Não existe um grupo de cinco homens na tela,0,contradiction,hypothesis
1619,Crianças estão preparando um bolo,Não existe um bolo sendo feito.,0,contradiction,hypothesis
1620,Um gato preto está deitado em uma almofada,Não existe um gato preto repousando sobre um objeto macio.,0,contradiction,hypothesis
1622,Uma mulher de jaqueta vermelha está tendo dificuldades para dirigir um carro esportivo,A mulher na jaqueta vermelha não está com problemas ao conduzir o veículo esportivo.,0,contradiction,hypothesis
1626,O indivíduo que dirige o carro está observando a colisão de outro motorista,A pessoa ao volante não está vendo a colisão de outro motorista,0,contradiction,hypothesis
1630,Um prendedor de cabelo tem o formato de uma folha de maconha,O prendedor de cabelo não é em formato de folha de maconha,0,contradiction,hypothesis
1633,Um capelo e um diploma são representados em um desenho,O desenho não representa uma formatura.,0,contradiction,hypothesis
1634,Uma mulher está escalando uma cerca baixa,A mulher não está subindo a cerca que não é alta,0,contradiction,hypothesis
1638,A parede inteira está coberta pelo cartaz do filme,O filme não tem um cartaz que cobre toda a parede.,0,contradiction,hypothesis
1641,"Uma mulher está contemplando o pôr do sol, enquanto crianças brincam entre as casas ao seu redor",Uma mulher não está observando o pôr do sol enquanto crianças brincam ao redor.,0,contradiction,hypothesis
1642,Os filhotes de cachorro nos cestos estão sendo usados como adereços para um comercial de televisão,Os filhotes de cachorro não estão aparecendo em um comercial de televisão como adereços,0,contradiction,hypothesis
1648,Uma pequena garota está desenhando na praia com seu pai,A garota não está na praia com seu pai.,0,contradiction,hypothesis
1651,Um garoto está calçando botas de neve e segurando um esqui azul ao lado de uma menina de blusa rosa e luvas roxas,Um garoto não está segurando um equipamento de esqui e não está ao lado de uma menina usando roupas coloridas,0,contradiction,hypothesis
1652,O indivíduo em estado de tranquilidade não busca conflito com outros,O indivíduo tranquilo não evita situações de conflito,0,contradiction,hypothesis
1655,Girafas só dormem até 30 minutos por dia,As girafas dormem mais do que 30 minutos diariamente.,0,contradiction,hypothesis
1656,"Uma cumbuca preta contém nhoque de batata doce com ragu de rabada, agrião e brotos por cima",Nhoque de batata doce com ragu de rabada não é servido em uma cumbuca preta,0,contradiction,hypothesis
1660,Um estudo revela que alguns brasileiros se tornam milionários diariamente,Não há brasileiros que se tornam ricos todos os dias,0,contradiction,hypothesis
1661,Um relógio de ponto digital preto deve ser usado pelo empregados,Os empregados não devem usar um relógio de ponto digital.,0,contradiction,hypothesis
1663,Dois rapazes estão agachados consertando um cilindro comprido e oco,Os rapazes não estão consertando algo.,0,contradiction,hypothesis
1664,Um estudo revela que a expectativa de vida diminui ao consumir mais de sete latas de cerveja por semana,Consumir mais de sete latas de cerveja por semana não pode reduzir a expectativa de vida.,0,contradiction,hypothesis
1667,Engrenagens estão fixadas em uma parede e contidas em uma caixa de inox polido,A caixa de inox polido não contém engrenagens.,0,contradiction,hypothesis
1672,Uma máscara branca e um par de luvas azuis descartáveis estão jogadas no chão,Um par de luvas azuis e uma máscara não estão no chão.,0,contradiction,hypothesis
1673,Uma mulher está picando alho,Ninguém está preparando comida.,0,contradiction,hypothesis
1680,Três adolescentes estão flutuando em uma bóia de flamingo inflável no lago,Não há adolescentes em uma bóia inflável no lago,0,contradiction,hypothesis
1684,Um garoto está praticando uma melodia no piano,Um garoto não está tocando piano,0,contradiction,hypothesis
1688,Os homens não estão jogando bola no parque,Há homens jogando bola no parque,0,contradiction,hypothesis
1694,Uma mulher possui um chip localizado atrás de sua orelha,Não existe um objeto tecnológico localizado atrás da orelha de uma mulher,0,contradiction,hypothesis
1700,Uma espiga de milho se destaca em meio a uma plantação,Não existe uma plantação de milho.,0,contradiction,hypothesis
1702,Um homem está sendo cuidadosamente barbeado por uma mulher,Uma mulher não está barbeando um homem com cuidado,0,contradiction,hypothesis
1706,Um sofá cinza adornado com almofadas está posicionado em uma sala,O sofá com almofadas não está na sala,0,contradiction,hypothesis
1708,Um pedaço de tecido está sendo costurado por uma mulher,Uma mulher não está costurando um tecido,0,contradiction,hypothesis
1710,Um vestido infantil feminino é estampado com nuvens e arco-íris,O vestido infantil feminino não tem desenhos de nuvens e arco-íris.,0,contradiction,hypothesis
1711,Cada foto foi detalhada nos recursos de acessibilidade,Nem todas as imagens contêm descrições acessíveis,0,contradiction,hypothesis
1714,Uma pesquisa revela que o maior fator de estresse no ambiente de trabalho é a descoberta de um erro cometido,A descoberta de um erro cometido não é a principal causa de estresse no ambiente de trabalho,0,contradiction,hypothesis
1718,Uma carteira de trabalho está sendo exibida,Alguém não está mostrando uma carteira de trabalho,0,contradiction,hypothesis
1721,"Os atletas, após o término da corrida, exibem suas medalhas com sorrisos no rosto",Os atletas não estão felizes por terem terminado a corrida.,0,contradiction,hypothesis
1734,Um mini espantalho é feito de palha e retalhos,O espantalho pequeno não é composto por retalhos e palha,0,contradiction,hypothesis
1743,Mãos masculinas tatuadas estão realizando trabalhos manuais em madeira,As mãos tatuadas não estão trabalhando com madeira.,0,contradiction,hypothesis
1747,Nenhum pássaro está voando sob a chuva,Os pássaros não estão se abrigando da chuva,0,contradiction,hypothesis
1748,"Três meninos de camiseta branca estão sentados de costas, observando um lago",Não tem pessoas observando um lago,0,contradiction,hypothesis
1751,O deputado possui uma foto do dia de seu casamento em seu acervo pessoal,Não há uma foto do dia do casamento do deputado em seu acervo pessoal,0,contradiction,hypothesis
1752,Ciclistas não estão pedalando em fila pela montanha acima,Os ciclistas não estão subindo a montanha de maneira dispersa.,0,contradiction,hypothesis
1757,Um idoso é visto dentro de um barril,Não há um homem mais velho dentro de um barril,0,contradiction,hypothesis
